{"ul": {"ZC1": 74083.22662562977, "ZC3": 74045.32170443037, "ZC4": 74391.63814900137, "ZC5": 73922.96008978286, "ZC6": 73925.26414424612, "ZC7": 75459.61707341134, "ZC8": 75593.58590582003, "ZC9": 74328.28380278658, "ZC10": 74251.80598768897, "ZC11": 75751.7441991125, "ZC12": 75635.21587945717, "ZC13": 76021.4095280019, "ZC14": 74644.86408780058, "ZC15": 75479.87114222182, "ZC16": 75844.13995382405, "ZC17": 76383.75226935669, "ZC18": 76289.58546779816, "ZC19": 75632.5252577747, "ZC20": 75364.08751711306, "ZC21": 74159.03646802859}, "fl": {"ZC1": 11866.214304571846, "ZC3": 11821.384219280613, "ZC4": 11907.746293454358, "ZC5": 11634.721304087536, "ZC6": 11671.520062157073, "ZC7": 11450.272173825955, "ZC8": 11450.865333925276, "ZC9": 11489.12115203591, "ZC10": 11608.158813638882, "ZC11": 11904.99450469575, "ZC12": 11726.956684643696, "ZC13": 11699.1688736193, "ZC14": 11523.462490261016, "ZC15": 11489.275546331812, "ZC16": 12769.461303433418, "ZC17": 13686.857047181105, "ZC18": 11543.182877088486, "ZC19": 11387.934089488183, "ZC20": 11443.104784724928, "ZC21": 11392.975899222827}}