{"ul": {"J03": 72395.45551524004, "J04": 72378.9501490389, "J05": 72367.24138424345, "J06": 72404.86022557225, "J07": 72329.62254291463, "J08": 72360.14072837448, "J09": 72357.83667391124, "J10": 72386.05080490785, "J11": 72268.18328575068, "J14": 72261.48551612595, "J15": 72407.1642800355, "J16": 72404.86022557225, "J17": 72451.88377723326, "J18": 72472.99725236092, "J19": 72435.37841103211, "J21": 72423.66964623665, "J23": 72433.07435656886, "L02": 72404.86022557225, "L03": 72517.71674955869, "L05": 72489.50261856208, "L06": 72480.09790822987, "L07": 72451.88377723326, "L08": 72404.86022557225, "L11": 72472.99725236092, "L12": 72463.59254202872, "L13": 72451.88377723326, "L14": 72357.83667391124, "L15": 72348.43196357903, "L16": 72433.07435656886, "L17": 72376.64609457564, "L18": 72454.18783169652, "L19": 72564.7403012197, "L20": 72527.12145989088, "L21": 72463.59254202872, "T1244": 74972.5221543407}, "fl": {"J03": 12182.932218654034, "J04": 12159.467689786008, "J05": 12381.154682210914, "J06": 12514.65965897708, "J07": 12107.383409578691, "J08": 12440.82105885346, "J09": 12194.917304562676, "J10": 12379.590605526617, "J11": 12026.680327084012, "J14": 12015.250819501742, "J15": 12373.921998824238, "J16": 12110.83115087245, "J17": 12636.550114811162, "J18": 12396.269403131839, "J19": 12193.24633449937, "J21": 12205.888491094176, "J23": 12494.383762686133, "L02": 12263.555457978942, "L03": 12361.548512964735, "L05": 12589.591493945964, "L06": 12385.811919820886, "L07": 12143.898349887235, "L08": 12266.080716791708, "L11": 12299.393472711148, "L12": 12395.084791471956, "L13": 12359.414058796847, "L14": 12084.621272407563, "L15": 12288.98270871556, "L16": 12152.483063638088, "L17": 12298.331000417764, "L18": 12543.384501830551, "L19": 12834.381841826684, "L20": 12999.506406697012, "L21": 12231.132720652848, "T1244": 12428.83242229331}}